WKT,Tree ID,Date,Locality,Collector,Species,Lat,Lon,ele
"POINT (-80.272713 25.681211)",F01,2/25/24,Hammock Park,Quinteros.Zexuan,Benghalensis,25.681211,-80.272713,17.056505
"POINT (-80.272488 25.68108)",F02,2/25/24,Hammock Park,Quinteros.Zexuan,Aurea,25.68108,-80.272488,15.507609
"POINT (-80.272472 25.680887)",F03,2/25/24,Hammock Park,Quinteros.Zexuan,Benghalensis?,25.680887,-80.272472,15.90883
"POINT (-80.272456 25.680443)",F04,2/25/24,Hammock Park,Quinteros.Zexuan,Benghalensis,25.680443,-80.272456,14.042691
"POINT (-80.272881 25.679813)",F05,2/25/24,Hammock Park,Quinteros.Zexuan,UNK,25.679813,-80.272881,13.333558
"POINT (-80.273163 25.679347)",F06,2/25/24,Hammock Park,Quinteros.Zexuan,Aurea?,25.679347,-80.273163,15.675562
"POINT (-80.27336 25.679038)",F07,2/25/24,Hammock Park,Quinteros.Zexuan,Citrifolia,25.679038,-80.27336,9.652344
"POINT (-80.27336 25.679038)",F08,2/25/24,Hammock Park,Quinteros.Zexuan,UNK,25.679038,-80.27336,9.652344
"POINT (-80.27336 25.679038)",F09,2/25/24,Hammock Park,Quinteros.Zexuan,Microcarpa,25.679038,-80.27336,9.652344
"POINT (-80.272969 25.681069)",F10,2/25/24,Hammock Park,Quinteros.Zexuan,UNK,25.681069,-80.272969,21.572559
"POINT (-80.27331 25.68058)",F11,2/25/24,Hammock Park,Quinteros.Zexuan,Aurea,25.68058,-80.27331,23.541336
"POINT (-80.273003 25.680748)",F12,2/25/24,Hammock Park (West),Quinteros.Zexuan,Citrifolia,25.680748,-80.273003,13.910156
"POINT (-80.275903 25.680539)",F13,2/25/24,Hammock Park (West),Quinteros.Zexuan,UNK,25.680539,-80.275903,23.382713
"POINT (-80.276345 25.681139)",F14,2/25/24,Hammock Park (West),Quinteros.Zexuan,Aurea,25.681139,-80.276345,24.157162
"POINT (-80.279022 25.681587)",F15,2/25/24,Hammock Park (West),Quinteros.Zexuan,Aurea,25.681587,-80.279022,25.164875
"POINT (-80.279257 25.682377)",F16,2/25/24,Hammock Park (West),Quinteros.Zexuan,Aurea,25.682377,-80.279257,25.146214
"POINT (-80.279095 25.683613)",F17,2/25/24,Hammock Park (West),Quinteros.Zexuan,Aurea,25.683613,-80.279095,28.533255
"POINT (-80.27756 25.685101)",F18,2/25/24,Hammock Park (West),Quinteros.Zexuan,Aurea?,25.685101,-80.27756,30.035498
"POINT (-80.27749 25.68476)",F19,2/25/24,Hammock Park (West),Quinteros.Zexuan,Aurea?,25.68476,-80.27749,31.239157
"POINT (-80.278428 25.684887)",F20,2/25/24,Hammock Park (West),Quinteros.Zexuan,Aurea,25.684887,-80.278428,30.931244
"POINT (-80.274969 25.68208)",F21,2/25/24,Hammock Park (West),Quinteros.Zexuan,UNK,25.68208,-80.274969,37.602688
"POINT (-80.27304 25.682235)",F22,2/25/24,Hammock Park (West),Quinteros.Zexuan,Aurea,25.682235,-80.27304,38.059891
"POINT (-80.287965 25.644577)",F23,2/25/24,Chapman Field Park,Quinteros.Zexuan,Aurea,25.644577,-80.287965,34.327614
"POINT (-80.285625 25.644307)",F24,2/25/24,Chapman Field Park,Quinteros.Zexuan,Aurea,25.644307,-80.285625,34.859463
"POINT (-80.283439 25.64379)",F25,2/25/24,Chapman Field Park,Quinteros.Zexuan,Aurea,25.64379,-80.283439,33.973049
"POINT (-80.281175 25.642571)",F26,2/25/24,Chapman Field Park,Quinteros.Zexuan,Citrifolia,25.642571,-80.281175,33.86108
"POINT (-80.27507 25.640566)",F27,2/25/24,Chapman Field Park,Quinteros.Zexuan,Citrifolia,25.640566,-80.27507,7.835938
"POINT (-80.374316 25.75705)",F28,2/26/24,FIU canpus,Quinteros.Zexuan,Benjamina,25.75705,-80.374316,15.320996
"POINT (-80.379615 25.754846)",F29,2/26/24,FIU canpus,Quinteros.Zexuan,Aurea,25.754846,-80.379615,14.714501
"POINT (-80.379695 25.754749)",F30,2/26/24,FIU canpus,Quinteros.Zexuan,UNK,25.754749,-80.379695,14.686509
"POINT (-80.37938 25.75402)",F31,2/26/24,FIU canpus,Quinteros.Zexuan,UNK,25.75402,-80.37938,15.181035
"POINT (-80.378401 25.753752)",F32,2/26/24,FIU canpus,Quinteros.Zexuan,UNK,25.753752,-80.378401,14.154659
"POINT (-80.37943 25.754845)",F33,2/26/24,FIU canpus,Quinteros.Zexuan,Americana,25.754845,-80.37943,16.366034
"POINT (-80.37954 25.755113)",F34,2/26/24,FIU canpus,Quinteros.Zexuan,UNK,25.755113,-80.37954,16.972528
"POINT (-80.379291 25.755082)",F35,2/26/24,FIU canpus,Quinteros.Zexuan,UNK,25.755082,-80.379291,19.239887
"POINT (-80.378727 25.755175)",F36,2/26/24,FIU canpus,Quinteros.Zexuan,UNK,25.755175,-80.378727,19.314531
"POINT (-80.320226 25.607852)",F37,2/26/24,FIU canpus,Quinteros.Zexuan,UNK,25.607852,-80.320226,9.890625
"POINT (-80.320226 25.607852)",F38,2/26/24,Bill Sadowski Park,Quinteros.Zexuan,UNK,25.607852,-80.320226,9.890625
"POINT (-80.319594 25.607414)",F39,2/26/24,Bill Sadowski Park,Quinteros.Zexuan,Aurea,25.607414,-80.319594,29.475655
"POINT (-80.31933 25.607546)",F40,2/26/24,Bill Sadowski Park,Quinteros.Zexuan,Aurea,25.607546,-80.31933,31.239157
"POINT (-80.319497 25.608408)",F41,2/26/24,Bill Sadowski Park,Quinteros.Zexuan,Aurea,25.608408,-80.319497,33.581161
"POINT (-80.319348 25.608928)",F42,2/26/24,Bill Sadowski Park,Quinteros.Zexuan,Aurea,25.608928,-80.319348,32.069588
"POINT (-80.319251 25.609006)",F43,2/26/24,Bill Sadowski Park,Quinteros.Zexuan,Aurea,25.609006,-80.319251,36.380367
"POINT (-80.318157 25.609176)",F44,2/26/24,Bill Sadowski Park,Quinteros.Zexuan,Aurea,25.609176,-80.318157,34.514229
"POINT (-80.310314 25.606386)",F45,2/26/24,Palmetto Bay Branch Library,Quinteros.Zexuan,Aurea,25.606386,-80.310314,37.528042
"POINT (-80.309992 25.60614)",F46,2/26/24,Palmetto Bay Branch Library,Quinteros.Zexuan,Aurea,25.60614,-80.309992,38.30249
"POINT (-80.30955 25.606174)",F47,2/26/24,Palmetto Bay Branch Library,Quinteros.Zexuan,Aurea,25.606174,-80.30955,37.957253
"POINT (-80.311472 25.601808)",F48,2/26/24,Palmetto Bay Branch Library,Quinteros.Zexuan,Aurea,25.601808,-80.311472,39.459496
"POINT (-80.311306 25.605114)",F49,2/26/24,Palmetto Bay Branch Library,Quinteros.Zexuan,Aurea,25.605114,-80.311306,39.188904
"POINT (-80.311862 25.605188)",F50,2/26/24,Palmetto Bay Branch Library,Quinteros.Zexuan,Aurea,25.605188,-80.311862,39.851383
"POINT (-80.310824 25.605641)",F51,2/26/24,Palmetto Bay Branch Library,Quinteros.Zexuan,Aurea,25.605641,-80.310824,40.60717
"POINT (-80.310808 25.60581)",F52,2/26/24,Palmetto Bay Branch Library,Quinteros.Zexuan,Aurea,25.60581,-80.310808,39.403511
"POINT (-80.310212 25.606632)",F53,2/26/24,Palmetto Bay Branch Library,Quinteros.Zexuan,Citrifolia,25.606632,-80.310212,39.571465
"POINT (-80.3084 25.616248)",F54,2/26/24,Deering Estate,Quinteros.Zexuan,Benghalensis,25.616248,-80.3084,40.793785
"POINT (-80.308432 25.616493)",F55,2/26/24,Deering Estate,Quinteros.Zexuan,Benghalensis,25.616493,-80.308432,41.969452
"POINT (-80.308451 25.616856)",F56,2/26/24,Deering Estate,Quinteros.Zexuan,Benghalensis,25.616856,-80.308451,40.411224
"POINT (-80.308472 25.616897)",F57,2/26/24,Deering Estate,Quinteros.Zexuan,Aurea?,25.616897,-80.308472,12.0
"POINT (-80.308472 25.616897)",F58,2/26/24,Deering Estate,Quinteros.Zexuan,Benghalensis,25.616897,-80.308472,12.0
"POINT (-80.308472 25.616897)",F59,2/26/24,Deering Estate,Quinteros.Zexuan,Benghalensis,25.616897,-80.308472,12.0
"POINT (-80.308472 25.616897)",F60,2/26/24,Deering Estate,Quinteros.Zexuan,Benghalensis,25.616897,-80.308472,12.0
"POINT (-80.249006 25.714319)",F61,2/27/24,Kampong,Quinteros.Zexuan.Justin,Americana,25.714319,-80.249006,9.246716
"POINT (-80.252819 25.716377)",F62,2/27/24,Kampong,Quinteros.Zexuan.Justin,Benghalensis,25.716377,-80.252819,13.053638
"POINT (-80.25275 25.714086)",F63,2/27/24,Kampong,Quinteros.Zexuan.Justin,Religiosa,25.714086,-80.25275,14.938437
"POINT (-80.276356 25.719563)",F64,2/27/24,University of Miami,Quinteros.Zexuan.Justin,Aurea,25.719563,-80.276356,7.903096
"POINT (-80.276237 25.719735)",F65,2/27/24,University of Miami,Quinteros.Zexuan.Justin,Aurea,25.719735,-80.276237,7.576522
"POINT (-80.276106 25.719922)",F66,2/27/24,University of Miami,Quinteros.Zexuan.Justin,UNK,25.719922,-80.276106,9.256046
"POINT (-80.275474 25.720438)",F67,2/27/24,University of Miami,Quinteros.Zexuan.Justin,UNK,25.720438,-80.275474,7.679159
"POINT (-80.275746 25.721734)",F68,2/27/24,University of Miami,Quinteros.Zexuan.Justin,UNK,25.721734,-80.275746,7.791128
"POINT (-80.275223 25.721401)",F69,2/27/24,University of Miami,Quinteros.Zexuan.Justin,UNK,25.721401,-80.275223,5.757037
"POINT (-80.292152 25.643821)",F70,2/28/24,USDA ars subtropical horticultural  station ,Quinteros.Zexuan.Justin,Benghalensis,25.643821,-80.292152,11.45809
"POINT (-80.294067 25.644135)",F71,2/28/24,USDA ars subtropical horticultural  station ,Quinteros.Zexuan.Justin,Microcapa,25.644135,-80.294067,14.210644
"POINT (-80.293794 25.644589)",F72,2/28/24,USDA ars subtropical horticultural  station ,Quinteros.Zexuan.Justin,Drupacea,25.644589,-80.293794,13.725448
"POINT (-80.295214 25.644302)",F73,2/28/24,USDA ars subtropical horticultural  station ,Quinteros.Zexuan.Justin,Aurea,25.644302,-80.295214,14.397258
"POINT (-80.294378 25.640432)",F74,2/28/24,USDA ars subtropical horticultural  station ,Quinteros.Zexuan.Justin,Altissima,25.640432,-80.294378,16.981859
"POINT (-80.293893 25.639498)",F75,2/28/24,USDA ars subtropical horticultural  station ,Quinteros.Zexuan.Justin,Benghalensis,25.639498,-80.293893,13.025645
"POINT (-80.405562 25.124981)",F76,2/29/24,John Pennekamp Coral Reef State Park,Quinteros.Zexuan.Justin,Citrifolia,25.124981,-80.405562,4.441409
"POINT (-80.40938 25.124869)",F77,2/29/24,John Pennekamp Coral Reef State Park,Quinteros.Zexuan.Justin,Citrifolia,25.124869,-80.40938,6.260894
"POINT (-80.367963 25.176314)",F78,2/29/24,Dagny Johnson Key Largo Hammock Botanical State Park,Quinteros.Zexuan.Justin,Citrifolia,25.176314,-80.367963,7.977741
"POINT (-80.366516 25.177861)",F79,2/29/24,Dagny Johnson Key Largo Hammock Botanical State Park,Quinteros.Zexuan.Justin,Citrifolia,25.177861,-80.366516,15.890168
"POINT (-80.365827 25.178766)",F80,2/29/24,Dagny Johnson Key Largo Hammock Botanical State Park,Quinteros.Zexuan.Justin,Citrifolia,25.178766,-80.365827,7.613844
"POINT (-80.405389 25.599917)",F81,2/30/2024,LARRY AND PENNY THOMPSON MEMORIAL PARK AND CAMPGROUND,Quinteros.Zexuan.Justin,Aurea,25.599917,-80.405389,7.940419
"POINT (-80.403431 25.599748)",F82,2/30/2024,LARRY AND PENNY THOMPSON MEMORIAL PARK AND CAMPGROUND,Quinteros.Zexuan.Justin,Citrifolia,25.599748,-80.403431,8.938803
"POINT (-80.403476 25.599643)",F83,2/30/2024,LARRY AND PENNY THOMPSON MEMORIAL PARK AND CAMPGROUND,Quinteros.Zexuan.Justin,Citrifolia,25.599643,-80.403476,9.377345
"POINT (-80.401649 25.598752)",F84,2/30/2024,LARRY AND PENNY THOMPSON MEMORIAL PARK AND CAMPGROUND,Quinteros.Zexuan.Justin,Aurea,25.598752,-80.401649,11.756672
"POINT (-80.558742 25.403956)",F85,2/30/2024,Intersection of ingraham highway and canal 111,Quinteros.Zexuan.Justin,Aurea,25.403956,-80.558742,4.963928
"POINT (-80.558642 25.403801)",F86,2/30/2024,Intersection of ingraham highway and canal 111,Quinteros.Zexuan.Justin,Aurea,25.403801,-80.558642,4.432078
"POINT (-80.558433 25.405865)",F87,2/30/2024,Intersection of ingraham highway and canal 111,Quinteros.Zexuan.Justin,Aurea,25.405865,-80.558433,5.80369
"POINT (-80.557941 25.404896)",F88,2/30/2024,Intersection of ingraham highway and canal 111,Quinteros.Zexuan.Justin,Aurea,25.404896,-80.557941,9.498644
"POINT (-80.558052 25.403168)",F89,2/30/2024,Intersection of ingraham highway and canal 111,Quinteros.Zexuan.Justin,Aurea,25.403168,-80.558052,10.898248
"POINT (-80.558054 25.401763)",F90,2/30/2024,Intersection of ingraham highway and canal 111,Quinteros.Zexuan.Justin,Aurea,25.401763,-80.558054,11.33679
"POINT (-80.558692 25.402527)",F91,2/30/2024,Intersection of ingraham highway and canal 111,Quinteros.Zexuan.Justin,Aurea,25.402527,-80.558692,12.353836
"POINT (-80.37829902 25.75481202)",F101,5/31/24,FIU,Quinteros.Zexuan.Zhengren,Aurea,25.75481202,-80.37829902,10.011832
"POINT (-80.37960702 25.75404902)",F102,5/31/24,FIU,Quinteros.Zexuan.Zhengren,Aurea,25.75404902,-80.37960702,8.640221
"POINT (-80.37970802 25.75410401)",F103,5/31/24,FIU,Quinteros.Zexuan.Zhengren,Microcarpa,25.75410401,-80.37970802,8.593567
"POINT (-80.27994996 25.66240397)",F104,5/31/24,Montgomery Botanic Garden,Quinteros.Zexuan.Zhengren,Citrifolia,25.66240397,-80.27994996,13.128284
"POINT (-80.27898897 25.66358498)",F105,5/31/24,Montgomery Botanic Garden,Quinteros.Zexuan.Zhengren,Aurea,25.66358498,-80.27898897,11.551396
"POINT (-80.27891697 25.663085)",F106,5/31/24,Montgomery Botanic Garden,Quinteros.Zexuan.Zhengren,Aurea?,25.663085,-80.27891697,12.111238
"POINT (-80.27908998 25.66273296)",F107,5/31/24,Montgomery Botanic Garden,Quinteros.Zexuan.Zhengren,UNK,25.66273296,-80.27908998,11.915294
"POINT (-80.27950798 25.66317301)",F108,5/31/24,Montgomery Botanic Garden,Quinteros.Zexuan.Zhengren,Destruens,25.66317301,-80.27950798,13.137614
"POINT (-80.28035103 25.66099397)",F109,5/31/24,Montgomery Botanic Garden,Quinteros.Zexuan.Zhengren,Altissma,25.66099397,-80.28035103,15.097059
"POINT (-80.28050702 25.66067898)",F110,5/31/24,Montgomery Botanic Garden,Quinteros.Zexuan.Zhengren,Aurea,25.66067898,-80.28050702,17.81229
"POINT (-80.28122401 25.65690997)",F111,5/31/24,Montgomery Botanic Garden,Quinteros.Zexuan.Zhengren,Macrophylla,25.65690997,-80.28122401,12.699072
"POINT (-80.27944503 25.66142698)",F112,5/31/24,Montgomery Botanic Garden,Quinteros.Zexuan.Zhengren,Aurea,25.66142698,-80.27944503,13.734778
"POINT (-80.28206002 25.66039299)",F113,5/31/24,Montgomery Botanic Garden,Quinteros.Zexuan.Zhengren,Trigonata,25.66039299,-80.28206002,18.297487
"POINT (-80.28192901 25.66119497)",F114,5/31/24,Montgomery Botanic Garden,Quinteros.Zexuan.Zhengren,Altissma,25.66119497,-80.28192901,18.4841
"POINT (-80.28169298 25.66106203)",F115,5/31/24,Montgomery Botanic Garden,Quinteros.Zexuan.Zhengren,Insipida,25.66106203,-80.28169298,18.316149
"POINT (-80.27532097 25.72045603)",F116,5/31/24,UM,Quinteros.Zexuan.Zhengren,Aurea,25.72045603,-80.27532097,13.510841
"POINT (-80.27454204 25.720394)",F117,5/31/24,UM,Quinteros.Zexuan.Zhengren,Aurea,25.720394,-80.27454204,15.171705
"POINT (-80.22048497 25.76311296)",F118,5/31/24,,Quinteros.Zexuan.Zhengren,UNK,25.76311296,-80.22048497,11.187499
"POINT (-81.36108597 25.95309399)",F119,6/1/24,Fakahatchee State Park,Quinteros.Zexuan.Zhengren,Aurea,25.95309399,-81.36108597,7.847112
"POINT (-81.36296896 25.95711504)",F120,6/1/24,Fakahatchee State Park,Quinteros.Zexuan.Zhengren,Aurea,25.95711504,-81.36296896,7.567191
"POINT (-81.36279202 25.95726499)",F121,6/1/24,Fakahatchee State Park,Quinteros.Zexuan.Zhengren,Aurea,25.95726499,-81.36279202,7.856442
"POINT (-81.36282798 25.95732601)",F122,6/1/24,Fakahatchee State Park,Quinteros.Zexuan.Zhengren,Aurea,25.95732601,-81.36282798,8.444276
"POINT (-81.36287802 25.95715402)",F123,6/1/24,Fakahatchee State Park,Quinteros.Zexuan.Zhengren,Aurea,25.95715402,-81.36287802,8.322977
"POINT (-81.36350901 25.95704597)",F124,6/1/24,Fakahatchee State Park,Quinteros.Zexuan.Zhengren,Aurea,25.95704597,-81.36350901,8.780181
"POINT (-81.36353499 25.95694799)",F125,6/1/24,Fakahatchee State Park,Quinteros.Zexuan.Zhengren,Aurea,25.95694799,-81.36353499,8.388292
"POINT (-81.364745 25.95692997)",F126,6/1/24,Fakahatchee State Park,Quinteros.Zexuan.Zhengren,Aurea,25.95692997,-81.364745,8.584236
"POINT (-81.36499596 25.95695998)",F127,6/1/24,Fakahatchee State Park,Quinteros.Zexuan.Zhengren,Aurea,25.95695998,-81.36499596,8.612228
"POINT (-81.36539301 25.95689703)",F128,6/1/24,Fakahatchee State Park,Quinteros.Zexuan.Zhengren,Aurea,25.95689703,-81.36539301,8.873487
"POINT (-81.36593901 25.95704396)",F129,6/1/24,Fakahatchee State Park,Quinteros.Zexuan.Zhengren,Aurea,25.95704396,-81.36593901,7.95908
"POINT (-81.36492102 25.96315102)",F130,6/1/24,Fakahatchee State Park,Quinteros.Zexuan.Zhengren,Aurea,25.96315102,-81.36492102,6.718098
"POINT (-81.36919102 25.97494997)",F131,6/1/24,Fakahatchee State Park,Quinteros.Zexuan.Zhengren,Aurea,25.97494997,-81.36919102,8.742858
"POINT (-81.36920401 25.97489096)",F132,6/1/24,Fakahatchee State Park,Quinteros.Zexuan.Zhengren,Aurea,25.97489096,-81.36920401,7.996403
"POINT (-81.369361 25.97526002)",F133,6/1/24,Fakahatchee State Park,Quinteros.Zexuan.Zhengren,Citrifolia,25.97526002,-81.369361,7.193964
"POINT (-81.369346 25.97528198)",F134,6/1/24,Fakahatchee State Park,Quinteros.Zexuan.Zhengren,Aurea,25.97528198,-81.369346,7.389908
"POINT (-81.36942303 25.97557602)",F135,6/1/24,Fakahatchee State Park,Quinteros.Zexuan.Zhengren,Aurea,25.97557602,-81.36942303,7.791128
"POINT (-81.36914902 25.97477001)",F136,6/1/24,Fakahatchee State Park,Quinteros.Zexuan.Zhengren,Aurea,25.97477001,-81.36914902,6.792744
"POINT (-81.37076003 25.97849904)",F137,6/1/24,Fakahatchee State Park,Quinteros.Zexuan.Zhengren,Aurea,25.97849904,-81.37076003,9.069432
"POINT (-81.379773 25.979946)",F138,6/1/24,Fakahatchee State Park,Quinteros.Zexuan.Zhengren,Aurea,25.979946,-81.379773,8.481599
"POINT (-81.38648498 25.97995003)",F139,6/1/24,Fakahatchee State Park,Quinteros.Zexuan.Zhengren,Aurea,25.97995003,-81.38648498,6.858058
"POINT (-81.38887499 25.97995598)",F140,6/1/24,Fakahatchee State Park,Quinteros.Zexuan.Zhengren,Aurea/Citrifolia?,25.97995598,-81.38887499,7.884435
"POINT (-81.39002399 25.97994701)",F141,6/1/24,Fakahatchee State Park,Quinteros.Zexuan.Zhengren,Aurea?,25.97994701,-81.39002399,9.134748
"POINT (-81.396139 25.97996696)",F142,6/1/24,Fakahatchee State Park,Quinteros.Zexuan.Zhengren,Aurea?,25.97996696,-81.396139,7.82845
"POINT (-81.39910301 25.97993704)",F143,6/1/24,Fakahatchee State Park,Quinteros.Zexuan.Zhengren,Aurea,25.97993704,-81.39910301,12.232537
"POINT (-81.399848 25.97993201)",F144,6/1/24,Fakahatchee State Park,Quinteros.Zexuan.Zhengren,Aurea,25.97993201,-81.399848,8.481599
"POINT (-81.40021898 25.97994098)",F145,6/1/24,Fakahatchee State Park,Quinteros.Zexuan.Zhengren,Aurea,25.97994098,-81.40021898,7.707151
"POINT (-81.40051997 25.97996201)",F146,6/1/24,Fakahatchee State Park,Quinteros.Zexuan.Zhengren,Aurea,25.97996201,-81.40051997,6.186249
"POINT (-81.40072499 25.98001499)",F147,6/1/24,Fakahatchee State Park,Quinteros.Zexuan.Zhengren,Aurea,25.98001499,-81.40072499,6.111603
"POINT (-81.40101501 25.98006503)",F148,6/1/24,Fakahatchee State Park,Quinteros.Zexuan.Zhengren,Aurea,25.98006503,-81.40101501,5.869005
"POINT (-81.46942098 25.94175403)",F149,6/1/24,Big Cypress Bend board,Quinteros.Zexuan.Zhengren,Aurea,25.94175403,-81.46942098,2.892514
"POINT (-81.83623997 26.44551496)",F150,6/1/24,Estero Bay,Quinteros.Zexuan.Zhengren,Aurea,26.44551496,-81.83623997,8.938803
"POINT (-81.83614198 26.44553298)",F151,6/1/24,Estero Bay,Quinteros.Zexuan.Zhengren,Aurea,26.44553298,-81.83614198,7.949749
"POINT (-81.40173703 25.97999001)",F152,6/1/24,Fakahatchee State Park,Quinteros.Zexuan.Zhengren,Aurea,25.97999001,-81.40173703,8.929472
"POINT (-81.40229501 25.97997903)",F153,6/1/24,Fakahatchee State Park,Quinteros.Zexuan.Zhengren,Aurea,25.97997903,-81.40229501,6.428847
"POINT (-81.40406401 25.97992698)",F154,6/1/24,Fakahatchee State Park,Quinteros.Zexuan.Zhengren,Aurea,25.97992698,-81.40406401,9.190731
"POINT (-81.40422503 25.97987803)",F155,6/1/24,Fakahatchee State Park,Quinteros.Zexuan.Zhengren,Aurea,25.97987803,-81.40422503,7.436561
"POINT (-81.40539598 25.97988498)",F156,6/1/24,Fakahatchee State Park,Quinteros.Zexuan.Zhengren,Aurea,25.97988498,-81.40539598,9.405337
"POINT (-81.40698804 25.979874)",F157,6/1/24,Fakahatchee State Park,Quinteros.Zexuan.Zhengren,Aurea,25.979874,-81.40698804,10.086478
"POINT (-81.40787199 25.97988004)",F158,6/1/24,Fakahatchee State Park,Quinteros.Zexuan.Zhengren,Aurea,25.97988004,-81.40787199,13.137614
"POINT (-81.408477 25.97989999)",F159,6/1/24,Fakahatchee State Park,Quinteros.Zexuan.Zhengren,Aurea,25.97989999,-81.408477,10.366399
"POINT (-81.40874396 25.97990602)",F160,6/1/24,Fakahatchee State Park,Quinteros.Zexuan.Zhengren,Aurea,25.97990602,-81.40874396,10.011832
"POINT (-81.40973696 25.97995204)",F161,6/1/24,Fakahatchee State Park,Quinteros.Zexuan.Zhengren,Aurea,25.97995204,-81.40973696,10.608996
"POINT (-81.40972297 25.97985397)",F162,6/1/24,Fakahatchee State Park,Quinteros.Zexuan.Zhengren,Aurea,25.97985397,-81.40972297,10.692973
"POINT (-81.409772 25.97999504)",F163,6/1/24,Fakahatchee State Park,Quinteros.Zexuan.Zhengren,Aurea,25.97999504,-81.409772,10.002501
"POINT (-81.41045496 25.98035001)",F164,6/1/24,Fakahatchee State Park,Quinteros.Zexuan.Zhengren,Aurea,25.98035001,-81.41045496,12.41915
"POINT (-81.410677 25.98049996)",F165,6/1/24,Fakahatchee State Park,Quinteros.Zexuan.Zhengren,Aurea,25.98049996,-81.410677,15.740877
"POINT (-80.11271599 26.06680297)",F166,6/2/24,Dr. Von D. Mizell State Park,Quinteros.Zexuan.Zhengren,Aurea,26.06680297,-80.11271599,7.539199
"POINT (-80.11278899 26.06636401)",F167,6/2/24,Dr. Von D. Mizell State Park,Quinteros.Zexuan.Zhengren,Aurea,26.06636401,-80.11278899,6.960696
"POINT (-80.112833 26.06602203)",F168,6/2/24,Dr. Von D. Mizell State Park,Quinteros.Zexuan.Zhengren,Aurea,26.06602203,-80.112833,7.81912
"POINT (-80.11296904 26.06598699)",F169,6/2/24,Dr. Von D. Mizell State Park,Quinteros.Zexuan.Zhengren,Aurea,26.06598699,-80.11296904,7.324593
"POINT (-80.11305101 26.06587099)",F170,6/2/24,Dr. Von D. Mizell State Park,Quinteros.Zexuan.Zhengren,Aurea,26.06587099,-80.11305101,8.854827
"POINT (-80.11298999 26.06579698)",F171,6/2/24,Dr. Von D. Mizell State Park,Quinteros.Zexuan.Zhengren,Aurea,26.06579698,-80.11298999,7.445892
"POINT (-80.11116902 26.07242396)",F172,6/2/24,Dr. Von D. Mizell State Park,Quinteros.Zexuan.Zhengren,Aurea,26.07242396,-80.11116902,6.634122
"POINT (-80.11057701 26.076458)",F173,6/2/24,Dr. Von D. Mizell State Park,Quinteros.Zexuan.Zhengren,Aurea,26.076458,-80.11057701,6.447508
"POINT (-80.11043502 26.07832298)",F174,6/2/24,Dr. Von D. Mizell State Park,Quinteros.Zexuan.Zhengren,Aurea,26.07832298,-80.11043502,5.290502
"POINT (-80.11040602 26.07862003)",F175,6/2/24,Dr. Von D. Mizell State Park,Quinteros.Zexuan.Zhengren,Aurea,26.07862003,-80.11040602,5.598415
"POINT (-80.11026998 26.07962703)",F176,6/2/24,Dr. Von D. Mizell State Park,Quinteros.Zexuan.Zhengren,Aurea,26.07962703,-80.11026998,6.466169
"POINT (-80.11033603 26.08303403)",F177,6/2/24,Dr. Von D. Mizell State Park,Quinteros.Zexuan.Zhengren,Aurea,26.08303403,-80.11033603,8.938803
"POINT (-80.11036302 26.083447)",F178,6/2/24,Dr. Von D. Mizell State Park,Quinteros.Zexuan.Zhengren,Aurea,26.083447,-80.11036302,7.175302
"POINT (-80.11034802 26.08448099)",F179,6/2/24,Dr. Von D. Mizell State Park,Quinteros.Zexuan.Zhengren,Aurea,26.08448099,-80.11034802,7.651167
"POINT (-80.11057198 26.08495801)",F180,6/2/24,Dr. Von D. Mizell State Park,Quinteros.Zexuan.Zhengren,Aurea,26.08495801,-80.11057198,6.400855
"POINT (-80.110418 26.08509304)",F181,6/2/24,Dr. Von D. Mizell State Park,Quinteros.Zexuan.Zhengren,Aurea,26.08509304,-80.110418,6.634122
"POINT (-80.11039001 26.08536696)",F182,6/2/24,Dr. Von D. Mizell State Park,Quinteros.Zexuan.Zhengren,Aurea,26.08536696,-80.11039001,6.139595
"POINT (-80.11044701 26.08607297)",F183,6/2/24,Dr. Von D. Mizell State Park,Quinteros.Zexuan.Zhengren,Aurea,26.08607297,-80.11044701,5.402471
"POINT (-80.10992196 26.08736998)",F184,6/2/24,Dr. Von D. Mizell State Park,Quinteros.Zexuan.Zhengren,Aurea,26.08736998,-80.10992196,4.945267
"POINT (-80.10999497 26.08758104)",F185,6/2/24,Dr. Von D. Mizell State Park,Quinteros.Zexuan.Zhengren,Aurea,26.08758104,-80.10999497,6.06495
"POINT (-80.11001802 26.08777198)",F186,6/2/24,Dr. Von D. Mizell State Park,Quinteros.Zexuan.Zhengren,Aurea,26.08777198,-80.11001802,5.159873
"POINT (-80.11001199 26.08784096)",F187,6/2/24,Dr. Von D. Mizell State Park,Quinteros.Zexuan.Zhengren,Aurea,26.08784096,-80.11001199,8.628906
"POINT (-80.11000101 26.08806702)",F188,6/2/24,Dr. Von D. Mizell State Park,Quinteros.Zexuan.Zhengren,Aurea,26.08806702,-80.11000101,5.467785
"POINT (-80.109985 26.08828797)",F189,6/2/24,Dr. Von D. Mizell State Park,Quinteros.Zexuan.Zhengren,Aurea,26.08828797,-80.109985,7.520537
"POINT (-80.10997703 26.08834698)",F190,6/2/24,Dr. Von D. Mizell State Park,Quinteros.Zexuan.Zhengren,Aurea,26.08834698,-80.10997703,9.17207
"POINT (-80.10993303 26.08840096)",F191,6/2/24,Dr. Von D. Mizell State Park,Quinteros.Zexuan.Zhengren,Aurea,26.08840096,-80.10993303,7.4179
"POINT (-80.10975198 26.08858704)",F192,6/2/24,Dr. Von D. Mizell State Park,Quinteros.Zexuan.Zhengren,Aurea,26.08858704,-80.10975198,6.120934
"POINT (-80.10918201 26.09147502)",F193,6/2/24,Dr. Von D. Mizell State Park,Quinteros.Zexuan.Zhengren,Aurea,26.09147502,-80.10918201,4.805306
"POINT (-80.11000302 26.08990903)",F194,6/2/24,Dr. Von D. Mizell State Park,Quinteros.Zexuan.Zhengren,Aurea,26.08990903,-80.11000302,5.850344
"POINT (-80.11009698 26.08921803)",F195,6/2/24,Dr. Von D. Mizell State Park,Quinteros.Zexuan.Zhengren,Aurea,26.08921803,-80.11009698,5.514439
"POINT (-80.11064398 26.08687998)",F196,6/2/24,Dr. Von D. Mizell State Park,Quinteros.Zexuan.Zhengren,Aurea,26.08687998,-80.11064398,3.116451
"POINT (-80.11155702 26.085676)",F197,6/2/24,Dr. Von D. Mizell State Park,Quinteros.Zexuan.Zhengren,Aurea,26.085676,-80.11155702,3.163105
"POINT (-80.11253603 26.06677003)",F198,6/2/24,Dr. Von D. Mizell State Park,Quinteros.Zexuan.Zhengren,Aurea,26.06677003,-80.11253603,5.850344
"POINT (-80.10430098 26.14044)",F199,6/2/24,Hugh Taylor Birch State Park,Quinteros.Zexuan.Zhengren,Benghalensis,26.14044,-80.10430098,13.49218
"POINT (-80.10428899 26.14019098)",F200,6/2/24,Hugh Taylor Birch State Park,Quinteros.Zexuan.Zhengren,Benghalensis,26.14019098,-80.10428899,13.109622
"POINT (-80.10430399 26.13963601)",F201,6/2/24,Hugh Taylor Birch State Park,Quinteros.Zexuan.Zhengren,Aurea,26.13963601,-80.10430399,10.78628
"POINT (-80.10364501 26.13933099)",F202,6/2/24,Hugh Taylor Birch State Park,Quinteros.Zexuan.Zhengren,Aurea,26.13933099,-80.10364501,11.206161
"POINT (-80.10358097 26.13859297)",F203,6/2/24,Hugh Taylor Birch State Park,Quinteros.Zexuan.Zhengren,Aurea,26.13859297,-80.10358097,12.213876
"POINT (-80.10339196 26.13965202)",F204,6/2/24,Hugh Taylor Birch State Park,Quinteros.Zexuan.Zhengren,Aurea,26.13965202,-80.10339196,16.104774
"POINT (-80.10496097 26.14328499)",F205,6/2/24,Hugh Taylor Birch State Park,Quinteros.Zexuan.Zhengren,Benghalensis,26.14328499,-80.10496097,14.845131
"POINT (-80.104549 26.14525801)",F206,6/2/24,Hugh Taylor Birch State Park,Quinteros.Zexuan.Zhengren,Aurea,26.14525801,-80.104549,13.380212
"POINT (-80.10452997 26.145314)",F207,6/2/24,Hugh Taylor Birch State Park,Quinteros.Zexuan.Zhengren,Aurea,26.145314,-80.10452997,12.007812
"POINT (-80.10451103 26.14555196)",F208,6/2/24,Hugh Taylor Birch State Park,Quinteros.Zexuan.Zhengren,Aurea,26.14555196,-80.10451103,11.45809
"POINT (-80.10450499 26.14587802)",F209,6/2/24,Hugh Taylor Birch State Park,Quinteros.Zexuan.Zhengren,Aurea,26.14587802,-80.10450499,13.398873
"POINT (-80.10450298 26.14617096)",F210,6/2/24,Hugh Taylor Birch State Park,Quinteros.Zexuan.Zhengren,Aurea,26.14617096,-80.10450298,13.398873
"POINT (-80.10447398 26.14657497)",F211,6/2/24,Hugh Taylor Birch State Park,Quinteros.Zexuan.Zhengren,Benghalensis,26.14657497,-80.10447398,13.398873
"POINT (-80.10429997 26.14693103)",F212,6/2/24,Hugh Taylor Birch State Park,Quinteros.Zexuan.Zhengren,Aurea,26.14693103,-80.10429997,13.398873
"POINT (-80.10435303 26.14712499)",F213,6/2/24,Hugh Taylor Birch State Park,Quinteros.Zexuan.Zhengren,Benghalensis,26.14712499,-80.10435303,13.398873
"POINT (-80.10403401 26.14737301)",F214,6/2/24,Hugh Taylor Birch State Park,Quinteros.Zexuan.Zhengren,Aurea,26.14737301,-80.10403401,14.733162
"POINT (-80.103988 26.14730797)",F215,6/2/24,Hugh Taylor Birch State Park,Quinteros.Zexuan.Zhengren,Aurea,26.14730797,-80.103988,15.684893
"POINT (-80.104061 26.14399896)",F216,6/2/24,Hugh Taylor Birch State Park,Quinteros.Zexuan.Zhengren,Aurea,26.14399896,-80.104061,16.431349
"POINT (-80.10431799 26.143215)",F217,6/2/24,Hugh Taylor Birch State Park,Quinteros.Zexuan.Zhengren,Aurea,26.143215,-80.10431799,16.431349
"POINT (-80.10392899 26.14837599)",F218,6/2/24,Hugh Taylor Birch State Park,Quinteros.Zexuan.Zhengren,Aurea,26.14837599,-80.10392899,16.44068
"POINT (-80.10385699 26.14871403)",F219,6/2/24,Hugh Taylor Birch State Park,Quinteros.Zexuan.Zhengren,Aurea,26.14871403,-80.10385699,16.44068
"POINT (-80.10378004 26.14945298)",F220,6/2/24,Hugh Taylor Birch State Park,Quinteros.Zexuan.Zhengren,Aurea,26.14945298,-80.10378004,16.44068
"POINT (-80.10368298 26.14984701)",F221,6/2/24,Hugh Taylor Birch State Park,Quinteros.Zexuan.Zhengren,Aurea,26.14984701,-80.10368298,16.44068
"POINT (-80.10432403 26.15247801)",F222,6/2/24,Hugh Taylor Birch State Park,Quinteros.Zexuan.Zhengren,Aurea,26.15247801,-80.10432403,12.493796
"POINT (-80.10389202 26.15248698)",F223,6/2/24,Hugh Taylor Birch State Park,Quinteros.Zexuan.Zhengren,Aurea,26.15248698,-80.10389202,12.493796
"POINT (-80.10392899 26.15255303)",F224,6/2/24,Hugh Taylor Birch State Park,Quinteros.Zexuan.Zhengren,Aurea,26.15255303,-80.10392899,12.493796
"POINT (-80.10635002 26.14682701)",F225,6/2/24,Hugh Taylor Birch State Park,Quinteros.Zexuan.Zhengren,Aurea,26.14682701,-80.10635002,13.790763
"POINT (-80.10584501 26.14703204)",F226,6/2/24,Hugh Taylor Birch State Park,Quinteros.Zexuan.Zhengren,Aurea,26.14703204,-80.10584501,12.111238
"POINT (-80.105973 26.14699499)",F227,6/2/24,Hugh Taylor Birch State Park,Quinteros.Zexuan.Zhengren,Aurea,26.14699499,-80.105973,13.006985
"POINT (-80.10616402 26.14734502)",F228,6/2/24,Hugh Taylor Birch State Park,Quinteros.Zexuan.Zhengren,Aurea,26.14734502,-80.10616402,12.185884
"POINT (-80.15673598 25.67774403)",F229,6/3/24,Bill Baggs state Park,Quinteros.Zexuan.Zhengren,Aurea,25.67774403,-80.15673598,8.769531
"POINT (-80.15675803 25.67787101)",F230,6/3/24,Bill Baggs state Park,Quinteros.Zexuan.Zhengren,Aurea,25.67787101,-80.15675803,6.886051
"POINT (-80.15657698 25.67739501)",F231,6/3/24,Bill Baggs state Park,Quinteros.Zexuan.Zhengren,Aurea,25.67739501,-80.15657698,7.464553
"POINT (-80.15648603 25.677265)",F232,6/3/24,Bill Baggs state Park,Quinteros.Zexuan.Zhengren,Aurea,25.677265,-80.15648603,8.164355
"POINT (-80.15668401 25.67682697)",F233,6/3/24,Bill Baggs state Park,Quinteros.Zexuan.Zhengren,Aurea,25.67682697,-80.15668401,6.87672
"POINT (-80.15645804 25.67658397)",F234,6/3/24,Bill Baggs state Park,Quinteros.Zexuan.Zhengren,Aurea,25.67658397,-80.15645804,8.892149
"POINT (-80.15644404 25.67645799)",F235,6/3/24,Bill Baggs state Park,Quinteros.Zexuan.Zhengren,Aurea,25.67645799,-80.15644404,9.078763
"POINT (-80.15642099 25.67616203)",F236,6/3/24,Bill Baggs state Park,Quinteros.Zexuan.Zhengren,Aurea,25.67616203,-80.15642099,7.940419
"POINT (-80.15639903 25.67606203)",F237,6/3/24,Bill Baggs state Park,Quinteros.Zexuan.Zhengren,Aurea,25.67606203,-80.15639903,6.914042
"POINT (-80.156307 25.675898)",F238,6/3/24,Bill Baggs state Park,Quinteros.Zexuan.Zhengren,Aurea,25.675898,-80.156307,6.20491
"POINT (-80.15639501 25.67570002)",F239,6/3/24,Bill Baggs state Park,Quinteros.Zexuan.Zhengren,Aurea,25.67570002,-80.15639501,9.421875
"POINT (-80.15620901 25.67558996)",F240,6/3/24,Bill Baggs state Park,Quinteros.Zexuan.Zhengren,Aurea,25.67558996,-80.15620901,6.904712
"POINT (-80.156135 25.67518302)",F241,6/3/24,Bill Baggs state Park,Quinteros.Zexuan.Zhengren,Aurea,25.67518302,-80.156135,7.231286
"POINT (-80.15626903 25.67509199)",F242,6/3/24,Bill Baggs state Park,Quinteros.Zexuan.Zhengren,Aurea,25.67509199,-80.15626903,6.018296
"POINT (-80.156048 25.67500801)",F243,6/3/24,Bill Baggs state Park,Quinteros.Zexuan.Zhengren,Aurea,25.67500801,-80.156048,5.906328
"POINT (-80.15599402 25.674704)",F244,6/3/24,Bill Baggs state Park,Quinteros.Zexuan.Zhengren,Aurea,25.674704,-80.15599402,6.167587
"POINT (-80.15585102 25.67520197)",F245,6/3/24,Bill Baggs state Park,Quinteros.Zexuan.Zhengren,Aurea,25.67520197,-80.15585102,5.869005
"POINT (-80.15546202 25.67558401)",F246,6/3/24,Bill Baggs state Park,Quinteros.Zexuan.Zhengren,Aurea,25.67558401,-80.15546202,5.691722
"POINT (-80.1553 25.67557999)",F247,6/3/24,Bill Baggs state Park,Quinteros.Zexuan.Zhengren,Aurea,25.67557999,-80.1553,5.598415
"POINT (-80.15506304 25.67584603)",F248,6/3/24,Bill Baggs state Park,Quinteros.Zexuan.Zhengren,Aurea,25.67584603,-80.15506304,5.952981
"POINT (-80.15509003 25.67699502)",F249,6/3/24,Bill Baggs state Park,Quinteros.Zexuan.Zhengren,Aurea,25.67699502,-80.15509003,8.071049
"POINT (-80.15531299 25.677422)",F250,6/3/24,Bill Baggs state Park,Quinteros.Zexuan.Zhengren,Aurea,25.677422,-80.15531299,5.79436
"POINT (-80.15536697 25.67788401)",F251,6/3/24,Bill Baggs state Park,Quinteros.Zexuan.Zhengren,Aurea,25.67788401,-80.15536697,7.651167
"POINT (-80.15652199 25.67806103)",F252,6/3/24,Bill Baggs state Park,Quinteros.Zexuan.Zhengren,Aurea,25.67806103,-80.15652199,8.854827
"POINT (-80.15669902 25.67799004)",F253,6/3/24,Bill Baggs state Park,Quinteros.Zexuan.Zhengren,Aurea,25.67799004,-80.15669902,8.574905
"POINT (-80.15480597 25.67149004)",F254,6/3/24,Bill Baggs state Park,Quinteros.Zexuan.Zhengren,Aurea,25.67149004,-80.15480597,7.95908
"POINT (-80.15485399 25.67164804)",F255,6/3/24,Bill Baggs state Park,Quinteros.Zexuan.Zhengren,Aurea,25.67164804,-80.15485399,7.847112
"POINT (-80.15477898 25.67167)",F256,6/3/24,Bill Baggs state Park,Quinteros.Zexuan.Zhengren,Aurea,25.67167,-80.15477898,7.753805
"POINT (-80.15462299 25.67163404)",F257,6/3/24,Bill Baggs state Park,Quinteros.Zexuan.Zhengren,Aurea,25.67163404,-80.15462299,8.117702
"POINT (-80.15506497 25.671411)",F258,6/3/24,Bill Baggs state Park,Quinteros.Zexuan.Zhengren,Aurea,25.671411,-80.15506497,8.22034
"POINT (-80.15516303 25.67138099)",F259,6/3/24,Bill Baggs state Park,Quinteros.Zexuan.Zhengren,Aurea,25.67138099,-80.15516303,8.052387
"POINT (-80.15522598 25.67115803)",F260,6/3/24,Bill Baggs state Park,Quinteros.Zexuan.Zhengren,Aurea,25.67115803,-80.15522598,8.565575
"POINT (-80.15547602 25.67114504)",F261,6/3/24,Bill Baggs state Park,Quinteros.Zexuan.Zhengren,Aurea,25.67114504,-80.15547602,8.248331
"POINT (-80.15543704 25.67079702)",F262,6/3/24,Bill Baggs state Park,Quinteros.Zexuan.Zhengren,Aurea,25.67079702,-80.15543704,6.559476
"POINT (-80.15550996 25.67056099)",F263,6/3/24,Bill Baggs state Park,Quinteros.Zexuan.Zhengren,Aurea,25.67056099,-80.15550996,8.294985
"POINT (-80.15545296 25.67028103)",F264,6/3/24,Bill Baggs state Park,Quinteros.Zexuan.Zhengren,Aurea,25.67028103,-80.15545296,7.044672
"POINT (-80.15488802 25.670203)",F265,6/3/24,Bill Baggs state Park,Quinteros.Zexuan.Zhengren,Aurea,25.670203,-80.15488802,8.136363
"POINT (-80.15481099 25.67051598)",F266,6/3/24,Bill Baggs state Park,Quinteros.Zexuan.Zhengren,Aurea,25.67051598,-80.15481099,8.211009
"POINT (-80.15509497 25.67061698)",F267,6/3/24,Bill Baggs state Park,Quinteros.Zexuan.Zhengren,Aurea,25.67061698,-80.15509497,8.584236
"POINT (-80.154726 25.67091999)",F268,6/3/24,Bill Baggs state Park,Quinteros.Zexuan.Zhengren,Aurea,25.67091999,-80.154726,8.518922
"POINT (-80.15499104 25.67110397)",F269,6/3/24,Bill Baggs state Park,Quinteros.Zexuan.Zhengren,Aurea,25.67110397,-80.15499104,7.791128
"POINT (-80.15527996 25.66986102)",F270,6/3/24,Bill Baggs state Park,Quinteros.Zexuan.Zhengren,Aurea,25.66986102,-80.15527996,5.39314
"POINT (-80.15588103 25.669426)",F271,6/3/24,Bill Baggs state Park,Quinteros.Zexuan.Zhengren,Aurea,25.669426,-80.15588103,5.878336
"POINT (-80.15645804 25.66849804)",F272,6/3/24,Bill Baggs state Park,Quinteros.Zexuan.Zhengren,Aurea,25.66849804,-80.15645804,7.28727
"POINT (-80.15672299 25.66788699)",F273,6/3/24,Bill Baggs state Park,Quinteros.Zexuan.Zhengren,Aurea,25.66788699,-80.15672299,8.071049
"POINT (-80.15681804 25.66774802)",F274,6/3/24,Bill Baggs state Park,Quinteros.Zexuan.Zhengren,Aurea,25.66774802,-80.15681804,7.613844
"POINT (-80.15703497 25.66749296)",F275,6/3/24,Bill Baggs state Park,Quinteros.Zexuan.Zhengren,Aurea,25.66749296,-80.15703497,8.0
"POINT (-80.15726496 25.66739799)",F276,6/3/24,Bill Baggs state Park,Quinteros.Zexuan.Zhengren,Aurea,25.66739799,-80.15726496,7.949749
"POINT (-80.15716002 25.66730403)",F277,6/3/24,Bill Baggs state Park,Quinteros.Zexuan.Zhengren,Aurea,25.66730403,-80.15716002,7.744474
"POINT (-80.15715499 25.66720303)",F278,6/3/24,Bill Baggs state Park,Quinteros.Zexuan.Zhengren,Aurea,25.66720303,-80.15715499,8.976126
"POINT (-80.15690899 25.66728802)",F279,6/3/24,Bill Baggs state Park,Quinteros.Zexuan.Zhengren,Aurea,25.66728802,-80.15690899,8.668213
"POINT (-80.15796603 25.66704797)",F280,6/3/24,Bill Baggs state Park,Quinteros.Zexuan.Zhengren,Aurea,25.66704797,-80.15796603,8.789512
"POINT (-80.15926296 25.66722097)",F281,6/3/24,Bill Baggs state Park,Quinteros.Zexuan.Zhengren,Aurea,25.66722097,-80.15926296,8.0
"POINT (-80.15940503 25.66681403)",F282,6/3/24,Bill Baggs state Park,Quinteros.Zexuan.Zhengren,Aurea,25.66681403,-80.15940503,9.582621
"POINT (-80.37832199 25.75457197)",F100,5/31/24,FIU,Quinteros.Zexuan,UNK,25.75457197,-80.37832199,8.49093
"POINT (-80.156034 25.67537899)",F285,5/20/25,Bill Baggs state Park,Quinteros.Zexuan.Zhengren,Aurea,25.67537899,-80.156034,8.836165
"POINT (-80.15544601 25.67596598)",F286,5/20/25,Bill Baggs state Park,Quinteros.Zexuan.Zhengren,Aurea,25.67596598,-80.15544601,7.710938
"POINT (-80.15589997 25.67788401)",F287,5/20/25,Bill Baggs state Park,Quinteros.Zexuan.Zhengren,Aurea,25.67788401,-80.15589997,7.648438
"POINT (-80.15572898 25.67649898)",F288,5/20/25,Bill Baggs state Park,Quinteros.Zexuan.Zhengren,Aurea,25.67649898,-80.15572898,12.428481
"POINT (-80.15440799 25.67139097)",F289,5/20/25,Bill Baggs state Park,Quinteros.Zexuan.Zhengren,Aurea,25.67139097,-80.15440799,6.456839
"POINT (-80.156739 25.66680003)",F290,5/20/25,Bill Baggs state Park,Quinteros.Zexuan.Zhengren,Aurea,25.66680003,-80.156739,13.725448
"POINT (-80.15667303 25.66674303)",F291,5/20/25,Bill Baggs state Park,Quinteros.Zexuan.Zhengren,Aurea,25.66674303,-80.15667303,14.490564
"POINT (-80.16087203 25.67551402)",F292,5/20/25,Bill Baggs state Park,Quinteros.Zexuan.Zhengren,Aurea,25.67551402,-80.16087203,5.785029
"POINT (-80.11292101 26.06740898)",F293,5/21/25,Dr. Von D. Mizell State Park,Quinteros.Zexuan.Zhengren,Aurea,26.06740898,-80.11292101,6.942035
"POINT (-80.11279796 26.06772498)",F294,5/21/25,Dr. Von D. Mizell State Park,Quinteros.Zexuan.Zhengren,Aurea,26.06772498,-80.11279796,8.173686
"POINT (-80.10310303 26.14252701)",F295,5/21/25,Dr. Von D. Mizell State Park,Quinteros.Zexuan.Zhengren,Aurea,26.14252701,-80.10310303,10.450375
"POINT (-80.10315098 26.142237)",F296,5/21/25,Dr. Von D. Mizell State Park,Quinteros.Zexuan.Zhengren,Aurea,26.142237,-80.10315098,12.41915
"POINT (-80.10327 26.14183199)",F297,5/21/25,Dr. Von D. Mizell State Park,Quinteros.Zexuan.Zhengren,Aurea,26.14183199,-80.10327,11.019547
"POINT (-80.10331099 26.14169402)",F298,5/21/25,Dr. Von D. Mizell State Park,Quinteros.Zexuan.Zhengren,Aurea,26.14169402,-80.10331099,11.495412
"POINT (-80.103241 26.14168597)",F299,5/21/25,Dr. Von D. Mizell State Park,Quinteros.Zexuan.Zhengren,Aurea,26.14168597,-80.103241,12.867024
"POINT (-81.37350703 25.980002)",F300,5/22/25,Fakahatchee State Park,Quinteros.Zexuan.Zhengren,Aurea,25.980002,-81.37350703,11.234153
"POINT (-81.37678896 25.97997702)",F301,5/22/25,Fakahatchee State Park,Quinteros.Zexuan.Zhengren,Aurea,25.97997702,-81.37678896,12.204545
"POINT (-81.39482497 25.97998498)",F302,5/22/25,Fakahatchee State Park,Quinteros.Zexuan.Zhengren,Citrifolia,25.97998498,-81.39482497,13.464844
"POINT (-81.40033297 25.97992203)",F303,5/22/25,Fakahatchee State Park,Quinteros.Zexuan.Zhengren,Aurea,25.97992203,-81.40033297,12.587103
"POINT (-81.40625797 25.97989202)",F304,5/22/25,Fakahatchee State Park,Quinteros.Zexuan.Zhengren,Aurea,25.97989202,-81.40625797,14.02403
"POINT (-81.40715098 25.97988297)",F305,5/22/25,Fakahatchee State Park,Quinteros.Zexuan.Zhengren,Aurea,25.97988297,-81.40715098,15.339657
"POINT (-81.41105401 25.98268898)",F306,5/22/25,Fakahatchee State Park,Quinteros.Zexuan.Zhengren,Aurea,25.98268898,-81.41105401,7.735144
"POINT (-81.41107304 25.98354603)",F307,5/22/25,Fakahatchee State Park,Quinteros.Zexuan.Zhengren,Aurea,25.98354603,-81.41107304,10.758287
"POINT (-81.41108796 25.98613202)",F308,5/22/25,Fakahatchee State Park,Quinteros.Zexuan.Zhengren,Aurea,25.98613202,-81.41108796,13.510841
"POINT (-81.41105996 25.98729501)",F309,5/22/25,Fakahatchee State Park,Quinteros.Zexuan.Zhengren,Aurea,25.98729501,-81.41105996,12.745725
"POINT (-81.41112903 25.98790202)",F310,5/22/25,Fakahatchee State Park,Quinteros.Zexuan.Zhengren,Aurea,25.98790202,-81.41112903,9.1875
"POINT (-81.41111696 25.99241601)",F311,5/22/25,Fakahatchee State Park,Quinteros.Zexuan.Zhengren,Aurea,25.99241601,-81.41111696,7.137979
"POINT (-81.411153 25.99414797)",F312,5/22/25,Fakahatchee State Park,Quinteros.Zexuan.Zhengren,Aurea,25.99414797,-81.411153,7.492546
"POINT (-81.41114999 25.997921)",F313,5/22/25,Fakahatchee State Park,Quinteros.Zexuan.Zhengren,Aurea,25.997921,-81.41114999,8.649551
"POINT (-81.411166 25.99843699)",F314,5/22/25,Fakahatchee State Park,Quinteros.Zexuan.Zhengren,Aurea,25.99843699,-81.411166,7.613844
"POINT (-81.41121503 25.99942404)",F315,5/22/25,Fakahatchee State Park,Quinteros.Zexuan.Zhengren,Aurea,25.99942404,-81.41121503,11.25
"POINT (-81.41119801 26.00203802)",F316,5/22/25,Fakahatchee State Park,Quinteros.Zexuan.Zhengren,Aurea,26.00203802,-81.41119801,9.144078
"POINT (-81.41113699 26.00756002)",F317,5/22/25,Fakahatchee State Park,Quinteros.Zexuan.Zhengren,Aurea,26.00756002,-81.41113699,10.748957
"POINT (-81.411123 26.00744803)",F318,5/22/25,Fakahatchee State Park,Quinteros.Zexuan.Zhengren,Aurea,26.00744803,-81.411123,11.392775
"POINT (-81.41117396 26.00780401)",F319,5/22/25,Fakahatchee State Park,Quinteros.Zexuan.Zhengren,Aurea,26.00780401,-81.41117396,9.582621
"POINT (-81.41124101 26.00782597)",F320,5/22/25,Fakahatchee State Park,Quinteros.Zexuan.Zhengren,Aurea,26.00782597,-81.41124101,10.608996
"POINT (-80.12941601 25.91501702)",F321,5/23/25,Oleta River State Park,Quinteros.Zexuan.Zhengren,Aurea,25.91501702,-80.12941601,9.57329
"POINT (-80.12902298 25.91506999)",F322,5/23/25,Oleta River State Park,Quinteros.Zexuan.Zhengren,Aurea,25.91506999,-80.12902298,8.733527
"POINT (-80.12966 25.91440799)",F323,5/23/25,Oleta River State Park,Quinteros.Zexuan.Zhengren,Aurea,25.91440799,-80.12966,6.988281
"POINT (-80.12938801 25.91208796)",F324,5/23/25,Oleta River State Park,Quinteros.Zexuan.Zhengren,Aurea,25.91208796,-80.12938801,5.542431
"POINT (-80.12924996 25.91136804)",F325,5/23/25,Oleta River State Park,Quinteros.Zexuan.Zhengren,Aurea,25.91136804,-80.12924996,6.484831
"POINT (-80.12916598 25.91146502)",F326,5/23/25,Oleta River State Park,Quinteros.Zexuan.Zhengren,Aurea,25.91146502,-80.12916598,7.296601
"POINT (-80.12953302 25.91128497)",F327,5/23/25,Oleta River State Park,Quinteros.Zexuan.Zhengren,Aurea,25.91128497,-80.12953302,6.596799
"POINT (-80.129702 25.91106403)",F328,5/23/25,Oleta River State Park,Quinteros.Zexuan.Zhengren,Aurea,25.91106403,-80.129702,6.214241
"POINT (-80.129818 25.91057603)",F329,5/23/25,Oleta River State Park,Quinteros.Zexuan.Zhengren,Aurea,25.91057603,-80.129818,5.281171
"POINT (-80.13021698 25.90932101)",F330,5/23/25,Oleta River State Park,Quinteros.Zexuan.Zhengren,Aurea,25.90932101,-80.13021698,5.113219
"POINT (-80.13023299 25.90923401)",F331,5/23/25,Oleta River State Park,Quinteros.Zexuan.Zhengren,Aurea,25.90923401,-80.13023299,5.980973
"POINT (-80.13013199 25.90900702)",F332,5/23/25,Oleta River State Park,Quinteros.Zexuan.Zhengren,Aurea,25.90900702,-80.13013199,5.896997
"POINT (-80.130105 25.90889898)",F333,5/23/25,Oleta River State Park,Quinteros.Zexuan.Zhengren,Aurea,25.90889898,-80.130105,5.467785
"POINT (-80.13026602 25.90784697)",F334,5/23/25,Oleta River State Park,Quinteros.Zexuan.Zhengren,Aurea,25.90784697,-80.13026602,4.795976
"POINT (-80.13198003 25.90742896)",F335,5/23/25,Oleta River State Park,Quinteros.Zexuan.Zhengren,Aurea,25.90742896,-80.13198003,7.212625
"POINT (-80.13211699 25.90721003)",F336,5/23/25,Oleta River State Park,Quinteros.Zexuan.Zhengren,Aurea,25.90721003,-80.13211699,4.637354
"POINT (-80.13237499 25.90674198)",F337,5/23/25,Oleta River State Park,Quinteros.Zexuan.Zhengren,Citrifolia,25.90674198,-80.13237499,5.523769
"POINT (-80.13244003 25.90675799)",F338,5/23/25,Oleta River State Park,Quinteros.Zexuan.Zhengren,Aurea/Citrifolia?,25.90675799,-80.13244003,8.582031
"POINT (-80.13268403 25.90689898)",F339,5/23/25,Oleta River State Park,Quinteros.Zexuan.Zhengren,Citrifolia,25.90689898,-80.13268403,2.593932
"POINT (-80.13217801 25.90767799)",F340,5/23/25,Oleta River State Park,Quinteros.Zexuan.Zhengren,Aurea,25.90767799,-80.13217801,3.732277
"POINT (-80.13152104 25.908428)",F341,5/23/25,Oleta River State Park,Quinteros.Zexuan.Zhengren,Aurea,25.908428,-80.13152104,10.472656
"POINT (-80.13132096 25.90854501)",F342,5/23/25,Oleta River State Park,Quinteros.Zexuan.Zhengren,Aurea,25.90854501,-80.13132096,2.258027
"POINT (-80.13154501 25.90860603)",F343,5/23/25,Oleta River State Park,Quinteros.Zexuan.Zhengren,Aurea,25.90860603,-80.13154501,2.015429
"POINT (-80.13042402 25.91040999)",F344,5/23/25,Oleta River State Park,Quinteros.Zexuan.Zhengren,Aurea,25.91040999,-80.13042402,6.148926
"POINT (-80.13052502 25.91021896)",F345,5/23/25,Oleta River State Park,Quinteros.Zexuan.Zhengren,Aurea,25.91021896,-80.13052502,6.523438
"POINT (-80.12936999 25.91751298)",F346,5/23/25,Oleta River State Park,Quinteros.Zexuan.Zhengren,Citrifolia,25.91751298,-80.12936999,12.176553
"POINT (-82.3401183 29.6447126)",F283,5/20/25,Gainesville,Gainesville,Pumila,29.6447126,-82.3401183,
"POINT (-82.3401197 29.6447127)",F284,5/20/25,Gainesville,Gainesville,Pumila,29.6447127,-82.3401197,
